{"cameraMode":{"drawMode":0,"name":"Shaded","section":"Shading Mode"},"sceneLighting":true,"audioPlay":false,"sceneViewState":{"showFog":true,"showMaterialUpdate":false,"showSkybox":true,"showFlares":true,"showImageEffects":true,"showParticleSystems":true},"in2DMode":false,"pivot":{"x":6.689400672912598,"y":6.464632034301758,"z":38.97697067260742},"rotation":{"x":0.100650355219841,"y":0.00565100135281682,"z":-0.0006575323641300201,"w":0.9950112700462341},"size":45.746585845947269,"orthographic":false}