{"cameraMode":{"drawMode":0,"name":"Shaded","section":"Shading Mode"},"sceneLighting":true,"audioPlay":false,"sceneViewState":{"showFog":true,"showMaterialUpdate":false,"showSkybox":true,"showFlares":true,"showImageEffects":true,"showParticleSystems":true},"in2DMode":false,"pivot":{"x":-0.8177295923233032,"y":-22.444801330566408,"z":194.89785766601563},"rotation":{"x":-0.10960782319307327,"y":-0.019099436700344087,"z":0.001495201257057488,"w":-0.9939965009689331},"size":137.58311462402345,"orthographic":false}