{"cameraMode":{"drawMode":0,"name":"Shaded","section":"Shading Mode"},"sceneLighting":true,"audioPlay":false,"sceneViewState":{"showFog":true,"showMaterialUpdate":false,"showSkybox":true,"showFlares":true,"showImageEffects":true,"showParticleSystems":true},"in2DMode":false,"pivot":{"x":0.2719692885875702,"y":21.81752586364746,"z":-28.472225189208986},"rotation":{"x":0.15713217854499818,"y":-0.022228429093956949,"z":0.0034566170070320369,"w":0.9874160885810852},"size":8.943460464477539,"orthographic":false}