{"cameraMode":{"drawMode":0,"name":"Shaded","section":"Shading Mode"},"sceneLighting":true,"audioPlay":false,"sceneViewState":{"showFog":true,"showMaterialUpdate":false,"showSkybox":true,"showFlares":true,"showImageEffects":true,"showParticleSystems":true},"in2DMode":false,"pivot":{"x":-25.866374969482423,"y":-32.351768493652347,"z":89.2879638671875},"rotation":{"x":-0.26199954748153689,"y":0.06998643279075623,"z":-0.01905462145805359,"w":-0.9623425006866455},"size":100.55440521240235,"orthographic":false}