{"cameraMode":{"drawMode":0,"name":"Shaded","section":"Shading Mode"},"sceneLighting":true,"audioPlay":false,"sceneViewState":{"showFog":true,"showMaterialUpdate":false,"showSkybox":true,"showFlares":true,"showImageEffects":true,"showParticleSystems":true},"in2DMode":false,"pivot":{"x":0.5997680425643921,"y":50.4810905456543,"z":-62.06800842285156},"rotation":{"x":-0.13935500383377076,"y":-0.0008934576180763543,"z":0.0001286197657464072,"w":-0.9902474880218506},"size":10.0,"orthographic":false}